-- MySQL dump 10.11
--
-- Host: localhost    Database: speeker_development
-- ------------------------------------------------------
-- Server version	5.0.75

/*!40101 SET @OLD_CHARACTER_SET_CLIENT=@@CHARACTER_SET_CLIENT */;
/*!40101 SET @OLD_CHARACTER_SET_RESULTS=@@CHARACTER_SET_RESULTS */;
/*!40101 SET @OLD_COLLATION_CONNECTION=@@COLLATION_CONNECTION */;
/*!40101 SET NAMES utf8 */;
/*!40103 SET @OLD_TIME_ZONE=@@TIME_ZONE */;
/*!40103 SET TIME_ZONE='+00:00' */;
/*!40014 SET @OLD_UNIQUE_CHECKS=@@UNIQUE_CHECKS, UNIQUE_CHECKS=0 */;
/*!40014 SET @OLD_FOREIGN_KEY_CHECKS=@@FOREIGN_KEY_CHECKS, FOREIGN_KEY_CHECKS=0 */;
/*!40101 SET @OLD_SQL_MODE=@@SQL_MODE, SQL_MODE='NO_AUTO_VALUE_ON_ZERO' */;
/*!40111 SET @OLD_SQL_NOTES=@@SQL_NOTES, SQL_NOTES=0 */;

--
-- Table structure for table `schema_migrations`
--

DROP TABLE IF EXISTS `schema_migrations`;
SET @saved_cs_client     = @@character_set_client;
SET character_set_client = utf8;
CREATE TABLE `schema_migrations` (
  `version` varchar(255) NOT NULL,
  UNIQUE KEY `unique_schema_migrations` (`version`)
) ENGINE=InnoDB DEFAULT CHARSET=utf8;
SET character_set_client = @saved_cs_client;

--
-- Dumping data for table `schema_migrations`
--

LOCK TABLES `schema_migrations` WRITE;
/*!40000 ALTER TABLE `schema_migrations` DISABLE KEYS */;
INSERT INTO `schema_migrations` VALUES ('20090227122452'),('20090227123508'),('20090227123717'),('20090227124642'),('20090227132412'),('20090227141055');
/*!40000 ALTER TABLE `schema_migrations` ENABLE KEYS */;
UNLOCK TABLES;

--
-- Table structure for table `wf_attributes`
--

DROP TABLE IF EXISTS `wf_attributes`;
SET @saved_cs_client     = @@character_set_client;
SET character_set_client = utf8;
CREATE TABLE `wf_attributes` (
  `id` int(11) NOT NULL auto_increment,
  `content` varchar(255) default NULL,
  `created_at` datetime default NULL,
  `updated_at` datetime default NULL,
  PRIMARY KEY  (`id`)
) ENGINE=InnoDB AUTO_INCREMENT=35 DEFAULT CHARSET=utf8;
SET character_set_client = @saved_cs_client;

--
-- Dumping data for table `wf_attributes`
--

LOCK TABLES `wf_attributes` WRITE;
/*!40000 ALTER TABLE `wf_attributes` DISABLE KEYS */;
INSERT INTO `wf_attributes` VALUES (1,'Plural','2009-03-03 08:29:50','2009-03-03 10:12:34'),(2,'Possessive case','2009-03-03 08:30:02','2009-03-03 10:13:01'),(3,'Singular','2009-03-03 09:17:11','2009-03-03 10:12:47'),(4,'Common case','2009-03-03 09:17:59','2009-03-03 10:12:54'),(5,'Infinitive','2009-03-03 09:18:49','2009-03-03 11:29:10'),(8,'Imperative','2009-03-03 09:19:19','2009-03-03 11:29:23'),(12,'Abstract noun','2009-03-03 09:55:10','2009-03-06 09:35:52'),(13,'Preterite','2009-03-03 10:02:13','2009-03-03 11:29:40'),(14,'Past Participle (Participle 2)','2009-03-03 10:02:25','2009-03-06 09:12:15'),(15,'Proper noun','2009-03-03 10:12:18','2009-03-03 10:12:18'),(16,'Present Participle (Participle 1)','2009-03-06 09:12:40','2009-03-06 09:12:40'),(17,'Past','2009-03-06 09:13:09','2009-03-06 09:13:09'),(18,'Present Perfect','2009-03-06 09:22:33','2009-03-06 09:26:58'),(19,'Present Indefinite','2009-03-06 09:24:24','2009-03-06 09:26:37'),(21,'Present Continuous','2009-03-06 09:25:10','2009-03-06 09:27:04'),(23,'Present Perfect Continuous','2009-03-06 09:25:45','2009-03-06 09:29:05'),(24,'Past Indefinite','2009-03-06 09:26:08','2009-03-06 09:29:16'),(25,'Past Continuous','2009-03-06 09:26:23','2009-03-06 09:26:23'),(26,'Past Perfect Continuous','2009-03-06 09:30:23','2009-03-06 09:30:23'),(27,'Future Indefinite','2009-03-06 09:30:36','2009-03-06 09:30:36'),(28,'Future Continuous','2009-03-06 09:30:48','2009-03-06 09:30:48'),(29,'Future Perfect','2009-03-06 09:30:55','2009-03-06 09:30:55'),(30,'Future in the Past Indefinite','2009-03-06 09:31:13','2009-03-06 09:31:13'),(31,'Active voice','2009-03-06 09:31:24','2009-03-06 09:31:24'),(32,'Passive voice','2009-03-06 09:31:30','2009-03-06 09:31:30'),(33,'I We You They','2009-03-06 09:35:07','2009-03-06 09:35:07'),(34,'He She It','2009-03-06 09:35:13','2009-03-06 09:35:13');
/*!40000 ALTER TABLE `wf_attributes` ENABLE KEYS */;
UNLOCK TABLES;

--
-- Table structure for table `wf_attributes_word_forms`
--

DROP TABLE IF EXISTS `wf_attributes_word_forms`;
SET @saved_cs_client     = @@character_set_client;
SET character_set_client = utf8;
CREATE TABLE `wf_attributes_word_forms` (
  `word_form_id` int(11) default NULL,
  `wf_attribute_id` int(11) default NULL
) ENGINE=InnoDB DEFAULT CHARSET=utf8;
SET character_set_client = @saved_cs_client;

--
-- Dumping data for table `wf_attributes_word_forms`
--

LOCK TABLES `wf_attributes_word_forms` WRITE;
/*!40000 ALTER TABLE `wf_attributes_word_forms` DISABLE KEYS */;
INSERT INTO `wf_attributes_word_forms` VALUES (1,1),(1,4),(2,3),(3,3),(3,4),(4,1),(5,12),(7,5),(8,14),(9,5),(10,14),(14,3),(14,4),(15,1),(15,4),(16,3),(16,2),(17,1),(17,2),(2,2),(4,2),(18,5),(20,8),(21,17),(22,16),(23,19),(23,31),(23,33),(24,24),(24,31),(24,34),(25,25),(25,31),(26,18),(26,31),(26,33),(27,18),(27,31),(27,34),(19,17),(28,8),(29,16),(30,14),(31,19),(31,31),(31,33),(32,24),(32,4),(32,34),(6,17),(33,8),(34,14),(35,19),(35,31),(36,19),(36,31),(36,34),(35,33),(37,21),(37,31),(39,18),(39,31),(39,33),(40,18),(40,31),(40,34),(47,5),(48,17),(49,8),(50,21),(50,31),(51,18),(51,31),(51,33),(52,18),(52,31),(52,34),(53,5),(54,17),(55,8),(56,21),(56,31),(57,18),(57,31),(57,33),(58,18),(58,31),(58,34),(59,5),(60,17),(61,8),(62,21),(62,31),(63,18),(63,31),(63,33),(64,18),(64,31),(64,34),(65,5),(66,17),(67,8),(68,21),(68,31),(69,18),(69,31),(69,33),(70,18),(70,31),(70,34),(71,5),(72,17),(73,8),(74,21),(74,31),(75,18),(75,31),(75,33),(76,18),(76,31),(76,34),(77,5),(78,17),(79,8),(80,21),(80,31),(81,18),(81,31),(81,33),(82,18),(82,31),(82,34),(83,5),(84,17),(85,8),(86,21),(86,31),(87,18),(87,31),(87,33),(88,18),(88,31),(88,34),(89,5),(90,17),(91,8),(92,21),(92,31),(93,18),(93,31),(93,33),(94,18),(94,31),(94,34),(95,5),(96,17),(97,8),(98,21),(98,31),(99,18),(99,31),(99,33),(100,18),(100,31),(100,34),(101,5),(102,17),(103,8),(104,21),(104,31),(105,18),(105,31),(105,33),(106,18),(106,31),(106,34),(107,5),(108,17),(109,8),(110,21),(110,31),(111,18),(111,31),(111,33),(112,18),(112,31),(112,34),(113,5),(114,17),(115,8),(116,21),(116,31),(117,18),(117,31),(117,33),(118,18),(118,31),(118,34),(119,5),(120,17),(121,8),(122,21),(122,31),(123,18),(123,31),(123,33),(124,18),(124,31),(124,34),(125,5),(126,17),(127,8),(128,21),(128,31),(129,18),(129,31),(129,33),(130,18),(130,31),(130,34),(131,5),(132,17),(133,8),(134,21),(134,31),(135,18),(135,31),(135,33),(136,18),(136,31),(136,34),(137,5),(138,17),(139,8),(140,21),(140,31),(141,18),(141,31),(141,33),(142,18),(142,31),(142,34),(143,5),(144,17),(145,8),(146,21),(146,31),(147,18),(147,31),(147,33),(148,18),(148,31),(148,34),(149,5),(150,17),(151,8),(152,21),(152,31),(153,18),(153,31),(153,33),(154,18),(154,31),(154,34),(155,5),(156,17),(157,8),(158,21),(158,31),(159,18),(159,31),(159,33),(160,18),(160,31),(160,34),(161,5),(162,17),(163,8),(164,21),(164,31),(165,18),(165,31),(165,33),(166,18),(166,31),(166,34),(167,5),(168,17),(169,8),(170,21),(170,31),(171,18),(171,31),(171,33),(172,18),(172,31),(172,34),(173,5),(174,17),(175,8),(176,21),(176,31),(177,18),(177,31),(177,33),(178,18),(178,31),(178,34),(179,5),(180,17),(181,8),(182,21),(182,31),(183,18),(183,31),(183,33),(184,18),(184,31),(184,34),(185,5),(186,17),(187,8),(188,21),(188,31),(189,18),(189,31),(189,33),(190,18),(190,31),(190,34),(191,5),(192,17),(193,8),(194,21),(194,31),(195,18),(195,31),(195,33),(196,18),(196,31),(196,34);
/*!40000 ALTER TABLE `wf_attributes_word_forms` ENABLE KEYS */;
UNLOCK TABLES;

--
-- Table structure for table `word_forms`
--

DROP TABLE IF EXISTS `word_forms`;
SET @saved_cs_client     = @@character_set_client;
SET character_set_client = utf8;
CREATE TABLE `word_forms` (
  `id` int(11) NOT NULL auto_increment,
  `content` varchar(255) default NULL,
  `word_group_id` int(11) default NULL,
  `created_at` datetime default NULL,
  `updated_at` datetime default NULL,
  PRIMARY KEY  (`id`)
) ENGINE=InnoDB AUTO_INCREMENT=197 DEFAULT CHARSET=utf8;
SET character_set_client = @saved_cs_client;

--
-- Dumping data for table `word_forms`
--

LOCK TABLES `word_forms` WRITE;
/*!40000 ALTER TABLE `word_forms` DISABLE KEYS */;
INSERT INTO `word_forms` VALUES (1,'#{1}s',1,'2009-03-03 08:29:31','2009-03-03 08:29:31'),(2,'#{1}\'s',1,'2009-03-03 08:33:23','2009-03-05 09:58:02'),(3,'#{1}',1,'2009-03-03 09:26:19','2009-03-03 09:26:19'),(4,'#{1}\'s',1,'2009-03-03 09:27:04','2009-03-05 09:58:19'),(5,'#{1}',2,'2009-03-03 09:54:40','2009-03-03 09:54:40'),(6,'#{1}ote',3,'2009-03-03 09:57:26','2009-03-03 09:57:26'),(7,'#{1}ite',3,'2009-03-03 10:01:15','2009-03-03 10:01:15'),(8,'#{1}itten',3,'2009-03-03 10:01:35','2009-03-03 10:01:35'),(9,'#{1}e',4,'2009-03-03 15:34:17','2009-03-06 09:02:47'),(10,'#{1}ed',4,'2009-03-03 15:34:35','2009-03-03 15:35:05'),(14,'#{1}y',6,'2009-03-04 19:04:43','2009-03-04 19:05:03'),(15,'#{1}ies',6,'2009-03-04 19:05:16','2009-03-04 19:05:16'),(16,'#{1}y\'s',6,'2009-03-04 19:05:58','2009-03-04 19:05:58'),(17,'#{1}ies\'',6,'2009-03-04 19:06:21','2009-03-06 13:52:26'),(18,'#{1}',7,'2009-03-06 09:03:35','2009-03-06 09:03:35'),(19,'#{1}ed',7,'2009-03-06 09:04:50','2009-03-06 09:04:50'),(20,'#{1}e',4,'2009-03-06 09:20:45','2009-03-06 09:20:45'),(21,'#{1}ed',4,'2009-03-06 09:21:10','2009-03-06 09:21:10'),(22,'#{1}ing',4,'2009-03-06 09:32:42','2009-03-06 09:32:42'),(23,'#{1}e',4,'2009-03-06 11:58:55','2009-03-06 11:58:55'),(24,'#{1}es',4,'2009-03-06 12:00:20','2009-03-06 12:00:20'),(25,'#{1}ing',4,'2009-03-06 12:02:00','2009-03-06 12:02:00'),(26,'have #{1}ed',4,'2009-03-06 12:03:02','2009-03-06 12:03:02'),(27,'has #{1}ed',4,'2009-03-06 12:03:46','2009-03-06 12:03:46'),(28,'#{1}',7,'2009-03-06 13:29:44','2009-03-06 13:29:44'),(29,'#{1}ing',7,'2009-03-06 13:30:15','2009-03-06 13:30:15'),(30,'#{1}ed',7,'2009-03-06 13:30:41','2009-03-06 13:52:12'),(31,'#{1}',7,'2009-03-06 13:31:06','2009-03-06 13:31:06'),(32,'#{1}s',7,'2009-03-06 13:31:51','2009-03-06 13:52:38'),(33,'#{1}ite',3,'2009-03-10 11:00:39','2009-03-10 11:00:39'),(34,'#{1}iting',3,'2009-03-10 11:01:14','2009-03-10 11:01:14'),(35,'#{1}ites',3,'2009-03-10 11:02:20','2009-03-10 11:03:26'),(36,'#{1}ites',3,'2009-03-10 11:02:51','2009-03-10 11:02:51'),(37,'#{1}iting',3,'2009-03-10 11:04:21','2009-03-10 11:04:21'),(39,'have #{1}itten',3,'2009-03-10 11:06:00','2009-03-10 11:06:00'),(40,'has #{1}itten',3,'2009-03-10 11:07:09','2009-03-10 11:07:09'),(47,'#{1}o',15,'2009-03-17 12:39:44','2009-03-17 12:39:44'),(48,'#{1}id',15,'2009-03-17 12:39:44','2009-03-17 12:39:44'),(49,'#{1}o',15,'2009-03-17 12:39:44','2009-03-17 12:39:44'),(50,'#{1}oing',15,'2009-03-17 12:39:44','2009-03-17 12:39:44'),(51,'have #{1}one',15,'2009-03-17 12:39:44','2009-03-17 12:39:44'),(52,'has #{1}one',15,'2009-03-17 12:39:44','2009-03-17 12:39:44'),(53,'#{1}eat',16,'2009-03-17 15:13:41','2009-03-17 15:13:41'),(54,'#{1}ate',16,'2009-03-17 15:13:41','2009-03-17 15:13:41'),(55,'#{1}eat',16,'2009-03-17 15:13:41','2009-03-17 15:13:41'),(56,'#{1}eatting',16,'2009-03-17 15:13:41','2009-03-17 15:13:41'),(57,'have #{1}eaten',16,'2009-03-17 15:13:41','2009-03-17 15:13:41'),(58,'has #{1}eaten',16,'2009-03-17 15:13:41','2009-03-17 15:13:41'),(59,'#{1}ke',17,'2009-03-17 15:14:47','2009-03-17 15:14:47'),(60,'#{1}de',17,'2009-03-17 15:14:47','2009-03-17 15:14:47'),(61,'#{1}ke',17,'2009-03-17 15:14:47','2009-03-17 15:14:47'),(62,'#{1}king',17,'2009-03-17 15:14:47','2009-03-17 15:14:47'),(63,'have #{1}de',17,'2009-03-17 15:14:47','2009-03-17 15:14:47'),(64,'has #{1}de',17,'2009-03-17 15:14:47','2009-03-17 15:14:47'),(65,'#{1}ve',18,'2009-03-17 15:17:30','2009-03-17 15:17:30'),(66,'#{1}d',18,'2009-03-17 15:17:30','2009-03-17 15:17:30'),(67,'#{1}ve',18,'2009-03-17 15:17:30','2009-03-17 15:17:30'),(68,'#{1}ving',18,'2009-03-17 15:17:30','2009-03-17 15:17:30'),(69,'have #{1}d',18,'2009-03-17 15:17:30','2009-03-17 15:17:30'),(70,'has #{1}d',18,'2009-03-17 15:17:30','2009-03-17 15:17:30'),(71,'#{1}un',19,'2009-03-17 15:19:10','2009-03-17 15:19:10'),(72,'#{1}an',19,'2009-03-17 15:19:10','2009-03-17 15:19:10'),(73,'#{1}un',19,'2009-03-17 15:19:10','2009-03-17 15:19:10'),(74,'#{1}unning',19,'2009-03-17 15:19:10','2009-03-17 15:19:10'),(75,'have #{1}un',19,'2009-03-17 15:19:10','2009-03-17 15:19:10'),(76,'has #{1}un',19,'2009-03-17 15:19:10','2009-03-17 15:19:10'),(77,'#{1}an',20,'2009-03-17 15:55:23','2009-03-17 15:55:23'),(78,'#{1}ould',20,'2009-03-17 15:55:23','2009-03-17 15:55:23'),(79,'#{1}an',20,'2009-03-17 15:55:23','2009-03-17 15:55:23'),(80,'#{1}an',20,'2009-03-17 15:55:23','2009-03-17 15:55:23'),(81,'have #{1}ould',20,'2009-03-17 15:55:23','2009-03-17 15:55:23'),(82,'has #{1}ould',20,'2009-03-17 15:55:24','2009-03-17 15:55:24'),(83,'#{1}ing',21,'2009-03-17 15:56:00','2009-03-17 15:56:00'),(84,'#{1}ought',21,'2009-03-17 15:56:00','2009-03-17 15:56:00'),(85,'#{1}ing',21,'2009-03-17 15:56:00','2009-03-17 15:56:00'),(86,'#{1}inging',21,'2009-03-17 15:56:00','2009-03-17 15:56:00'),(87,'have #{1}ought',21,'2009-03-17 15:56:00','2009-03-17 15:56:00'),(88,'has #{1}ought',21,'2009-03-17 15:56:00','2009-03-17 15:56:00'),(89,'#{1}uy',22,'2009-03-17 15:56:35','2009-03-17 15:56:35'),(90,'#{1}ought',22,'2009-03-17 15:56:35','2009-03-17 15:56:35'),(91,'#{1}uy',22,'2009-03-17 15:56:35','2009-03-17 15:56:35'),(92,'#{1}uying',22,'2009-03-17 15:56:35','2009-03-17 15:56:35'),(93,'have #{1}ought',22,'2009-03-17 15:56:35','2009-03-17 15:56:35'),(94,'has #{1}ought',22,'2009-03-17 15:56:35','2009-03-17 15:56:35'),(95,'#{1}ake',23,'2009-03-17 15:58:03','2009-03-17 15:58:03'),(96,'#{1}ook',23,'2009-03-17 15:58:03','2009-03-17 15:58:03'),(97,'#{1}ake',23,'2009-03-17 15:58:03','2009-03-17 15:58:03'),(98,'#{1}aking',23,'2009-03-17 15:58:03','2009-03-17 15:58:03'),(99,'have #{1}aken',23,'2009-03-17 15:58:03','2009-03-17 15:58:03'),(100,'has #{1}aken',23,'2009-03-17 15:58:03','2009-03-17 15:58:03'),(101,'#{1}tch',24,'2009-03-17 15:58:45','2009-03-17 15:58:45'),(102,'#{1}ught',24,'2009-03-17 15:58:45','2009-03-17 15:58:45'),(103,'#{1}tch',24,'2009-03-17 15:58:45','2009-03-17 15:58:45'),(104,'#{1}tching',24,'2009-03-17 15:58:45','2009-03-17 15:58:45'),(105,'have #{1}ught',24,'2009-03-17 15:58:45','2009-03-17 15:58:45'),(106,'has #{1}ught',24,'2009-03-17 15:58:45','2009-03-17 15:58:45'),(107,'#{1}ed',25,'2009-03-17 15:59:31','2009-03-17 15:59:31'),(108,'#{1}d',25,'2009-03-17 15:59:31','2009-03-17 15:59:31'),(109,'#{1}ed',25,'2009-03-17 15:59:31','2009-03-17 15:59:31'),(110,'#{1}eding',25,'2009-03-17 15:59:31','2009-03-17 15:59:31'),(111,'have #{1}d',25,'2009-03-17 15:59:31','2009-03-17 15:59:31'),(112,'has #{1}d',25,'2009-03-17 15:59:31','2009-03-17 15:59:31'),(113,'#{1}im',26,'2009-03-17 15:59:58','2009-03-17 15:59:58'),(114,'#{1}am',26,'2009-03-17 15:59:58','2009-03-17 15:59:58'),(115,'#{1}im',26,'2009-03-17 15:59:58','2009-03-17 15:59:58'),(116,'#{1}imming',26,'2009-03-17 15:59:58','2009-03-17 15:59:58'),(117,'have #{1}um',26,'2009-03-17 15:59:58','2009-03-17 15:59:58'),(118,'has #{1}um',26,'2009-03-17 15:59:58','2009-03-17 15:59:58'),(119,'#{1}ight',27,'2009-03-17 16:00:37','2009-03-17 16:00:37'),(120,'#{1}ought',27,'2009-03-17 16:00:37','2009-03-17 16:00:37'),(121,'#{1}ight',27,'2009-03-17 16:00:37','2009-03-17 16:00:37'),(122,'#{1}ighting',27,'2009-03-17 16:00:37','2009-03-17 16:00:37'),(123,'have #{1}ought',27,'2009-03-17 16:00:37','2009-03-17 16:00:37'),(124,'has #{1}ought',27,'2009-03-17 16:00:37','2009-03-17 16:00:37'),(125,'#{1}et',28,'2009-03-17 16:01:10','2009-03-17 16:01:10'),(126,'#{1}t',28,'2009-03-17 16:01:10','2009-03-17 16:01:10'),(127,'#{1}et',28,'2009-03-17 16:01:10','2009-03-17 16:01:10'),(128,'#{1}eting',28,'2009-03-17 16:01:10','2009-03-17 16:01:10'),(129,'have #{1}t',28,'2009-03-17 16:01:10','2009-03-17 16:01:10'),(130,'has #{1}t',28,'2009-03-17 16:01:10','2009-03-17 16:01:10'),(131,'#{1}ep',29,'2009-03-17 16:03:47','2009-03-17 16:03:47'),(132,'#{1}pt',29,'2009-03-17 16:03:47','2009-03-17 16:03:47'),(133,'#{1}ep',29,'2009-03-17 16:03:47','2009-03-17 16:03:47'),(134,'#{1}eping',29,'2009-03-17 16:03:47','2009-03-17 16:03:47'),(135,'have #{1}pt',29,'2009-03-17 16:03:47','2009-03-17 16:03:47'),(136,'has #{1}pt',29,'2009-03-17 16:03:47','2009-03-17 16:03:47'),(137,'#{1}',30,'2009-03-17 16:05:01','2009-03-17 16:05:01'),(138,'#{1}',30,'2009-03-17 16:05:01','2009-03-17 16:05:01'),(139,'#{1}',30,'2009-03-17 16:05:01','2009-03-17 16:05:01'),(140,'#{1}ing',30,'2009-03-17 16:05:01','2009-03-17 16:05:01'),(141,'have #{1}',30,'2009-03-17 16:05:01','2009-03-17 16:05:01'),(142,'has #{1}',30,'2009-03-17 16:05:01','2009-03-17 16:05:01'),(143,'#{1}ear',31,'2009-03-17 16:05:25','2009-03-17 16:05:25'),(144,'#{1}ore',31,'2009-03-17 16:05:25','2009-03-17 16:05:25'),(145,'#{1}ear',31,'2009-03-17 16:05:25','2009-03-17 16:05:25'),(146,'#{1}earing',31,'2009-03-17 16:05:25','2009-03-17 16:05:25'),(147,'have #{1}orn',31,'2009-03-17 16:05:25','2009-03-17 16:05:25'),(148,'has #{1}orn',31,'2009-03-17 16:05:25','2009-03-17 16:05:25'),(149,'#{1}d',32,'2009-03-17 16:06:00','2009-03-17 16:06:00'),(150,'#{1}t',32,'2009-03-17 16:06:00','2009-03-17 16:06:00'),(151,'#{1}d',32,'2009-03-17 16:06:00','2009-03-17 16:06:00'),(152,'#{1}ding',32,'2009-03-17 16:06:00','2009-03-17 16:06:00'),(153,'have #{1}t',32,'2009-03-17 16:06:00','2009-03-17 16:06:00'),(154,'has #{1}t',32,'2009-03-17 16:06:00','2009-03-17 16:06:00'),(155,'#{1}ing',33,'2009-03-17 16:06:27','2009-03-17 16:06:27'),(156,'#{1}ang',33,'2009-03-17 16:06:27','2009-03-17 16:06:27'),(157,'#{1}ing',33,'2009-03-17 16:06:27','2009-03-17 16:06:27'),(158,'#{1}inging',33,'2009-03-17 16:06:27','2009-03-17 16:06:27'),(159,'have #{1}ung',33,'2009-03-17 16:06:27','2009-03-17 16:06:27'),(160,'has #{1}ung',33,'2009-03-17 16:06:27','2009-03-17 16:06:27'),(161,'#{1}ink',34,'2009-03-17 16:06:47','2009-03-17 16:06:47'),(162,'#{1}ought',34,'2009-03-17 16:06:47','2009-03-17 16:06:47'),(163,'#{1}ink',34,'2009-03-17 16:06:47','2009-03-17 16:06:47'),(164,'#{1}inking',34,'2009-03-17 16:06:47','2009-03-17 16:06:47'),(165,'have #{1}ought',34,'2009-03-17 16:06:47','2009-03-17 16:06:47'),(166,'has #{1}ought',34,'2009-03-17 16:06:47','2009-03-17 16:06:47'),(167,'#{1}l',35,'2009-03-17 16:07:14','2009-03-17 16:07:14'),(168,'#{1}led',35,'2009-03-17 16:07:14','2009-03-17 16:07:14'),(169,'#{1}l',35,'2009-03-17 16:07:14','2009-03-17 16:07:14'),(170,'#{1}ling',35,'2009-03-17 16:07:14','2009-03-17 16:07:14'),(171,'have #{1}t',35,'2009-03-17 16:07:14','2009-03-17 16:07:14'),(172,'has #{1}t',35,'2009-03-17 16:07:14','2009-03-17 16:07:14'),(173,'#{1}ive',36,'2009-03-17 16:07:39','2009-03-17 16:07:39'),(174,'#{1}ave',36,'2009-03-17 16:07:39','2009-03-17 16:07:39'),(175,'#{1}ive',36,'2009-03-17 16:07:39','2009-03-17 16:07:39'),(176,'#{1}iving',36,'2009-03-17 16:07:39','2009-03-17 16:07:39'),(177,'have #{1}iven',36,'2009-03-17 16:07:39','2009-03-17 16:07:39'),(178,'has #{1}iven',36,'2009-03-17 16:07:39','2009-03-17 16:07:39'),(179,'#{1}ive',37,'2009-03-17 16:08:03','2009-03-17 16:08:03'),(180,'#{1}ave',37,'2009-03-17 16:08:03','2009-03-17 16:08:03'),(181,'#{1}ive',37,'2009-03-17 16:08:03','2009-03-17 16:08:03'),(182,'#{1}iving',37,'2009-03-17 16:08:03','2009-03-17 16:08:03'),(183,'have #{1}iven',37,'2009-03-17 16:08:03','2009-03-17 16:08:03'),(184,'has #{1}iven',37,'2009-03-17 16:08:03','2009-03-17 16:08:03'),(185,'#{1}ep',38,'2009-03-17 16:09:32','2009-03-17 16:09:32'),(186,'#{1}pt',38,'2009-03-17 16:09:32','2009-03-17 16:09:32'),(187,'#{1}ep',38,'2009-03-17 16:09:32','2009-03-17 16:09:32'),(188,'#{1}eping',38,'2009-03-17 16:09:32','2009-03-17 16:09:32'),(189,'have #{1}pt',38,'2009-03-17 16:09:32','2009-03-17 16:09:32'),(190,'has #{1}pt',38,'2009-03-17 16:09:32','2009-03-17 16:09:32'),(191,'#{1}ave',39,'2009-03-17 16:10:41','2009-03-17 16:10:41'),(192,'#{1}ft',39,'2009-03-17 16:10:41','2009-03-17 16:10:41'),(193,'#{1}ave',39,'2009-03-17 16:10:41','2009-03-17 16:10:41'),(194,'#{1}aving',39,'2009-03-17 16:10:41','2009-03-17 16:10:41'),(195,'have #{1}ft',39,'2009-03-17 16:10:41','2009-03-17 16:10:41'),(196,'has #{1}ft',39,'2009-03-17 16:10:41','2009-03-17 16:10:41');
/*!40000 ALTER TABLE `word_forms` ENABLE KEYS */;
UNLOCK TABLES;

--
-- Table structure for table `word_groups`
--

DROP TABLE IF EXISTS `word_groups`;
SET @saved_cs_client     = @@character_set_client;
SET character_set_client = utf8;
CREATE TABLE `word_groups` (
  `id` int(11) NOT NULL auto_increment,
  `template` varchar(255) default NULL,
  `word_type_id` int(11) default NULL,
  `created_at` datetime default NULL,
  `updated_at` datetime default NULL,
  `title` varchar(255) default NULL,
  PRIMARY KEY  (`id`)
) ENGINE=InnoDB AUTO_INCREMENT=40 DEFAULT CHARSET=utf8;
SET character_set_client = @saved_cs_client;

--
-- Dumping data for table `word_groups`
--

LOCK TABLES `word_groups` WRITE;
/*!40000 ALTER TABLE `word_groups` DISABLE KEYS */;
INSERT INTO `word_groups` VALUES (1,'#{1}',1,'2009-03-03 08:29:21','2009-03-04 18:28:48','Countable Noun (apple like)'),(2,'#{1}',1,'2009-03-03 09:51:38','2009-03-03 15:10:09','Abstract Noun (hate)'),(3,'#{1}ite',2,'2009-03-03 09:56:52','2009-03-03 09:56:52','write group'),(4,'#{1}e',2,'2009-03-03 15:33:49','2009-03-10 11:44:08','Regular Verb Group (with \'e\' on end)'),(6,'#{1}y',1,'2009-03-04 19:04:21','2009-03-04 19:11:39','Countable Noun (sky like)'),(7,'#{1}',2,'2009-03-06 09:02:23','2009-03-06 09:02:23','Regular Verb Group (without \'e\' on end)'),(15,'#{1}o',2,'2009-03-17 12:39:44','2009-03-17 12:39:44','do group'),(16,'#{1}eat',2,'2009-03-17 15:13:41','2009-03-17 15:13:41','eat group'),(17,'#{1}ke',2,'2009-03-17 15:14:47','2009-03-17 15:14:47','make group'),(18,'#{1}ve',2,'2009-03-17 15:17:30','2009-03-17 15:17:30','have group'),(19,'#{1}un',2,'2009-03-17 15:19:10','2009-03-17 15:19:10','run group'),(20,'#{1}an',2,'2009-03-17 15:55:23','2009-03-17 15:55:23','can group'),(21,'#{1}ing',2,'2009-03-17 15:56:00','2009-03-17 15:56:00','bring group'),(22,'#{1}uy',2,'2009-03-17 15:56:35','2009-03-17 15:56:35','buy group'),(23,'#{1}ake',2,'2009-03-17 15:58:03','2009-03-17 15:58:03','take group'),(24,'#{1}tch',2,'2009-03-17 15:58:45','2009-03-17 15:58:45','catch group'),(25,'#{1}ed',2,'2009-03-17 15:59:31','2009-03-17 15:59:31','feed group'),(26,'#{1}im',2,'2009-03-17 15:59:58','2009-03-17 15:59:58','swim group'),(27,'#{1}ight',2,'2009-03-17 16:00:37','2009-03-17 16:00:37','fight group'),(28,'#{1}et',2,'2009-03-17 16:01:10','2009-03-17 16:01:10','meet group'),(29,'#{1}ep',2,'2009-03-17 16:03:47','2009-03-17 16:03:47','sleep group'),(30,'#{1}',2,'2009-03-17 16:05:01','2009-03-17 16:05:01','read group'),(31,'#{1}ear',2,'2009-03-17 16:05:25','2009-03-17 16:05:25','wear group'),(32,'#{1}d',2,'2009-03-17 16:06:00','2009-03-17 16:06:00','build group'),(33,'#{1}ing',2,'2009-03-17 16:06:27','2009-03-17 16:06:27','sing group'),(34,'#{1}ink',2,'2009-03-17 16:06:47','2009-03-17 16:06:47','think group'),(35,'#{1}l',2,'2009-03-17 16:07:14','2009-03-17 16:07:14','smell group'),(36,'#{1}ive',2,'2009-03-17 16:07:39','2009-03-17 16:07:39','forgive group'),(37,'#{1}ive',2,'2009-03-17 16:08:03','2009-03-17 16:08:03','give group'),(38,'#{1}ep',2,'2009-03-17 16:09:32','2009-03-17 16:09:32','keep group'),(39,'#{1}ave',2,'2009-03-17 16:10:41','2009-03-17 16:10:41','leave group');
/*!40000 ALTER TABLE `word_groups` ENABLE KEYS */;
UNLOCK TABLES;

--
-- Table structure for table `word_types`
--

DROP TABLE IF EXISTS `word_types`;
SET @saved_cs_client     = @@character_set_client;
SET character_set_client = utf8;
CREATE TABLE `word_types` (
  `id` int(11) NOT NULL auto_increment,
  `title` varchar(255) default NULL,
  `created_at` datetime default NULL,
  `updated_at` datetime default NULL,
  PRIMARY KEY  (`id`)
) ENGINE=InnoDB AUTO_INCREMENT=6 DEFAULT CHARSET=utf8;
SET character_set_client = @saved_cs_client;

--
-- Dumping data for table `word_types`
--

LOCK TABLES `word_types` WRITE;
/*!40000 ALTER TABLE `word_types` DISABLE KEYS */;
INSERT INTO `word_types` VALUES (1,'noun','2009-03-03 08:28:59','2009-03-03 08:28:59'),(2,'verb','2009-03-03 09:14:18','2009-03-03 09:14:18'),(3,'adjective','2009-03-03 09:14:26','2009-03-03 09:14:26'),(4,'preposition','2009-03-03 09:14:37','2009-03-03 09:14:37'),(5,'interjection','2009-03-03 09:14:46','2009-03-03 09:14:46');
/*!40000 ALTER TABLE `word_types` ENABLE KEYS */;
UNLOCK TABLES;

--
-- Table structure for table `words`
--

DROP TABLE IF EXISTS `words`;
SET @saved_cs_client     = @@character_set_client;
SET character_set_client = utf8;
CREATE TABLE `words` (
  `id` int(11) NOT NULL auto_increment,
  `content` varchar(255) default NULL,
  `word_group_id` int(11) default NULL,
  `created_at` datetime default NULL,
  `updated_at` datetime default NULL,
  PRIMARY KEY  (`id`)
) ENGINE=InnoDB AUTO_INCREMENT=218 DEFAULT CHARSET=utf8;
SET character_set_client = @saved_cs_client;

--
-- Dumping data for table `words`
--

LOCK TABLES `words` WRITE;
/*!40000 ALTER TABLE `words` DISABLE KEYS */;
INSERT INTO `words` VALUES (1,'apple',1,'2009-03-03 09:16:48','2009-03-03 09:16:48'),(2,'write',3,'2009-03-03 09:57:05','2009-03-03 09:57:05'),(3,'hate',2,'2009-03-03 11:35:16','2009-03-03 11:35:16'),(4,'dog',1,'2009-03-03 11:40:51','2009-03-03 11:40:51'),(6,'open',7,'2009-03-03 15:34:03','2009-03-10 11:41:55'),(7,'computer',1,'2009-03-03 15:39:24','2009-03-03 15:39:24'),(8,'keyboard',1,'2009-03-03 15:39:36','2009-03-03 15:39:36'),(9,'potato',1,'2009-03-03 15:39:44','2009-03-03 15:39:44'),(10,'window',1,'2009-03-03 15:39:53','2009-03-03 15:39:53'),(11,'noun',1,'2009-03-03 15:39:58','2009-03-03 15:39:58'),(12,'table',1,'2009-03-03 15:40:10','2009-03-03 15:40:10'),(13,'water',2,'2009-03-03 15:40:21','2009-03-03 15:40:21'),(14,'money',2,'2009-03-03 15:40:26','2009-03-03 15:40:26'),(15,'like',4,'2009-03-03 15:43:06','2009-03-03 15:43:06'),(16,'help',7,'2009-03-03 15:43:14','2009-03-06 09:03:10'),(17,'compute',4,'2009-03-03 15:43:42','2009-03-03 15:43:42'),(18,'change',4,'2009-03-03 15:44:12','2009-03-03 15:44:12'),(20,'close',4,'2009-03-03 20:31:50','2009-03-03 20:31:50'),(22,'head',1,'2009-03-04 18:52:14','2009-03-04 18:52:14'),(24,'sky',6,'2009-03-05 06:07:26','2009-03-05 06:07:26'),(25,'cat',1,'2009-03-05 06:07:40','2009-03-05 06:07:40'),(27,'monitor',1,'2009-03-05 09:58:47','2009-03-05 09:58:47'),(28,'fly',6,'2009-03-05 10:01:31','2009-03-05 10:01:31'),(29,'word',1,'2009-03-06 13:56:55','2009-03-06 13:56:55'),(30,'letter',1,'2009-03-06 14:03:14','2009-03-06 14:03:14'),(31,'pig',1,'2009-03-06 14:11:48','2009-03-06 14:11:48'),(32,'bear',1,'2009-03-06 14:33:14','2009-03-06 14:33:14'),(33,'rabbit',1,'2009-03-06 14:33:55','2009-03-06 14:33:55'),(34,'hate',4,'2009-03-09 16:11:21','2009-03-09 16:11:21'),(35,'priest',1,'2009-03-13 14:13:34','2009-03-13 14:13:34'),(36,'create',4,'2009-03-13 14:14:11','2009-03-13 14:14:11'),(37,'edit',7,'2009-03-13 14:14:24','2009-03-13 14:14:24'),(46,'do',15,'2009-03-17 12:39:44','2009-03-17 12:39:44'),(47,'eat',16,'2009-03-17 15:13:41','2009-03-17 15:13:41'),(48,'make',17,'2009-03-17 15:14:47','2009-03-17 15:14:47'),(49,'have',18,'2009-03-17 15:17:30','2009-03-17 15:17:30'),(50,'run',19,'2009-03-17 15:19:10','2009-03-17 15:19:10'),(51,'wolf',1,'2009-03-17 15:20:03','2009-03-17 15:20:03'),(52,'button',1,'2009-03-17 15:20:35','2009-03-17 15:20:35'),(53,'telephone',1,'2009-03-17 15:20:46','2009-03-17 15:20:46'),(54,'notebook',1,'2009-03-17 15:20:57','2009-03-17 15:20:57'),(55,'mirror',1,'2009-03-17 15:21:07','2009-03-17 15:21:07'),(56,'blackboard',1,'2009-03-17 15:21:52','2009-03-17 15:21:52'),(57,'flower',1,'2009-03-17 15:22:40','2009-03-17 15:22:40'),(58,'beer',1,'2009-03-17 15:22:49','2009-03-17 15:22:49'),(59,'verb',1,'2009-03-17 15:23:04','2009-03-17 15:23:04'),(60,'door',1,'2009-03-17 15:23:19','2009-03-17 15:23:19'),(61,'wall',1,'2009-03-17 15:23:26','2009-03-17 15:23:26'),(62,'floor',1,'2009-03-17 15:23:36','2009-03-17 15:23:36'),(63,'new',1,'2009-03-17 15:25:28','2009-03-17 15:25:28'),(65,'plane',1,'2009-03-17 15:26:51','2009-03-17 15:26:51'),(66,'helicopter',1,'2009-03-17 15:27:16','2009-03-17 15:27:16'),(67,'general',1,'2009-03-17 15:27:23','2009-03-17 15:27:23'),(68,'line',1,'2009-03-17 15:27:37','2009-03-17 15:27:37'),(69,'chalk',1,'2009-03-17 15:28:14','2009-03-17 15:28:14'),(70,'boot',1,'2009-03-17 15:28:28','2009-03-17 15:28:28'),(71,'content',1,'2009-03-17 15:28:36','2009-03-17 15:28:36'),(72,'package',1,'2009-03-17 15:29:08','2009-03-17 15:29:08'),(73,'program',1,'2009-03-17 15:29:50','2009-03-17 15:29:50'),(74,'blank',1,'2009-03-17 15:30:13','2009-03-17 15:30:13'),(75,'paper',1,'2009-03-17 15:30:41','2009-03-17 15:30:41'),(76,'phone',1,'2009-03-17 15:31:44','2009-03-17 15:31:44'),(77,'pineapple',1,'2009-03-17 15:32:15','2009-03-17 15:32:15'),(78,'doctor',1,'2009-03-17 15:32:23','2009-03-17 15:32:23'),(79,'orange',1,'2009-03-17 15:32:45','2009-03-17 15:32:45'),(80,'hookah',1,'2009-03-17 15:33:20','2009-03-17 15:33:20'),(81,'bag',1,'2009-03-17 15:33:46','2009-03-17 15:33:46'),(82,'book',1,'2009-03-17 15:34:00','2009-03-17 15:34:00'),(83,'string',1,'2009-03-17 15:34:07','2009-03-17 15:34:07'),(84,'cinema',1,'2009-03-17 15:34:14','2009-03-17 15:34:14'),(85,'theatre',1,'2009-03-17 15:34:49','2009-03-17 15:34:49'),(86,'house',1,'2009-03-17 15:34:54','2009-03-17 15:34:54'),(87,'history',6,'2009-03-17 15:35:55','2009-03-17 15:35:55'),(88,'nature',1,'2009-03-17 15:36:05','2009-03-17 15:36:05'),(89,'system',1,'2009-03-17 15:36:10','2009-03-17 15:36:10'),(90,'view',1,'2009-03-17 15:36:22','2009-03-17 15:36:22'),(91,'model',1,'2009-03-17 15:36:28','2009-03-17 15:36:28'),(92,'plant',1,'2009-03-17 15:37:27','2009-03-17 15:37:27'),(93,'animal',1,'2009-03-17 15:37:38','2009-03-17 15:37:38'),(94,'toad',1,'2009-03-17 15:37:47','2009-03-17 15:37:47'),(95,'shop',1,'2009-03-17 15:39:09','2009-03-17 15:39:09'),(96,'store',1,'2009-03-17 15:39:14','2009-03-17 15:39:14'),(97,'wizard',1,'2009-03-17 15:39:19','2009-03-17 15:39:19'),(98,'master',1,'2009-03-17 15:39:27','2009-03-17 15:39:27'),(99,'mother',1,'2009-03-17 15:39:35','2009-03-17 15:39:35'),(100,'father',1,'2009-03-17 15:39:39','2009-03-17 15:39:39'),(101,'sister',1,'2009-03-17 15:39:44','2009-03-17 15:39:44'),(102,'brother',1,'2009-03-17 15:39:48','2009-03-17 15:39:48'),(103,'uncle',1,'2009-03-17 15:39:52','2009-03-17 15:39:52'),(104,'aunt',1,'2009-03-17 15:39:56','2009-03-17 15:39:56'),(105,'luck',1,'2009-03-17 15:40:25','2009-03-17 15:40:25'),(106,'cancer',1,'2009-03-17 15:40:34','2009-03-17 15:40:34'),(107,'cancel',1,'2009-03-17 15:40:41','2009-03-17 15:40:41'),(108,'poppy',6,'2009-03-17 15:40:54','2009-03-17 15:40:54'),(109,'mind',1,'2009-03-17 15:41:00','2009-03-17 15:41:00'),(110,'map',1,'2009-03-17 15:41:07','2009-03-17 15:41:07'),(111,'boy',6,'2009-03-17 15:41:39','2009-03-17 15:41:39'),(112,'girl',1,'2009-03-17 15:41:43','2009-03-17 15:41:43'),(113,'field',1,'2009-03-17 15:41:50','2009-03-17 15:41:50'),(114,'soap',1,'2009-03-17 15:42:05','2009-03-17 15:42:05'),(115,'document',1,'2009-03-17 15:42:16','2009-03-17 15:42:16'),(116,'spreadsheet',1,'2009-03-17 15:42:25','2009-03-17 15:42:25'),(117,'nurse',1,'2009-03-17 15:42:34','2009-03-17 15:42:34'),(118,'nanny',6,'2009-03-17 15:42:40','2009-03-17 15:42:40'),(119,'form',1,'2009-03-17 15:42:47','2009-03-17 15:42:47'),(120,'group',1,'2009-03-17 15:42:51','2009-03-17 15:42:51'),(121,'attribute',1,'2009-03-17 15:42:59','2009-03-17 15:42:59'),(122,'garden',1,'2009-03-17 15:43:26','2009-03-17 15:43:26'),(123,'kinder',1,'2009-03-17 15:43:31','2009-03-17 15:43:31'),(124,'ebony',6,'2009-03-17 15:44:07','2009-03-17 15:44:07'),(125,'hash',1,'2009-03-17 15:44:29','2009-03-17 15:44:29'),(126,'step',1,'2009-03-17 15:44:33','2009-03-17 15:44:33'),(127,'array',6,'2009-03-17 15:44:39','2009-03-17 15:44:39'),(128,'byte',1,'2009-03-17 15:44:44','2009-03-17 15:44:44'),(129,'integer',1,'2009-03-17 15:44:47','2009-03-17 15:44:47'),(130,'playful',1,'2009-03-17 15:45:08','2009-03-17 15:45:08'),(131,'chance',1,'2009-03-17 15:45:32','2009-03-17 15:45:32'),(132,'ball',1,'2009-03-17 15:45:44','2009-03-17 15:45:44'),(133,'baloon',1,'2009-03-17 15:45:55','2009-03-17 15:45:55'),(134,'list',1,'2009-03-17 15:46:07','2009-03-17 15:46:07'),(135,'fraud',1,'2009-03-17 15:46:25','2009-03-17 15:46:25'),(136,'paradise',1,'2009-03-17 15:46:48','2009-03-17 15:46:48'),(137,'car',1,'2009-03-17 15:46:56','2009-03-17 15:46:56'),(138,'train',1,'2009-03-17 15:47:01','2009-03-17 15:47:01'),(139,'mean',1,'2009-03-17 15:47:47','2009-03-17 15:47:47'),(140,'absinth',1,'2009-03-17 15:47:54','2009-03-17 15:47:54'),(141,'country',6,'2009-03-17 15:48:06','2009-03-17 15:48:06'),(142,'light',1,'2009-03-17 15:48:10','2009-03-17 15:48:10'),(143,'story',6,'2009-03-17 15:48:22','2009-03-17 15:48:22'),(144,'travel',1,'2009-03-17 15:48:33','2009-03-17 15:48:33'),(145,'pack',7,'2009-03-17 15:50:10','2009-03-17 15:50:10'),(146,'work',7,'2009-03-17 15:50:27','2009-03-17 15:50:27'),(147,'love',4,'2009-03-17 15:50:35','2009-03-17 15:50:35'),(148,'print',7,'2009-03-17 15:52:02','2009-03-17 15:52:02'),(149,'can',20,'2009-03-17 15:55:24','2009-03-17 15:55:24'),(150,'bring',21,'2009-03-17 15:56:00','2009-03-17 15:56:00'),(151,'buy',22,'2009-03-17 15:56:35','2009-03-17 15:56:35'),(152,'take',23,'2009-03-17 15:58:03','2009-03-17 15:58:03'),(153,'catch',24,'2009-03-17 15:58:45','2009-03-17 15:58:45'),(154,'loop',7,'2009-03-17 15:59:07','2009-03-17 15:59:07'),(155,'feed',25,'2009-03-17 15:59:31','2009-03-17 15:59:31'),(156,'swim',26,'2009-03-17 15:59:58','2009-03-17 15:59:58'),(157,'fight',27,'2009-03-17 16:00:37','2009-03-17 16:00:37'),(158,'meet',28,'2009-03-17 16:01:10','2009-03-17 16:01:10'),(160,'sleep',29,'2009-03-17 16:03:47','2009-03-17 16:03:47'),(161,'talk',7,'2009-03-17 16:04:09','2009-03-17 16:04:09'),(162,'read',30,'2009-03-17 16:05:01','2009-03-17 16:05:01'),(163,'wear',31,'2009-03-17 16:05:25','2009-03-17 16:05:25'),(164,'build',32,'2009-03-17 16:06:00','2009-03-17 16:06:00'),(165,'sing',33,'2009-03-17 16:06:27','2009-03-17 16:06:27'),(166,'think',34,'2009-03-17 16:06:47','2009-03-17 16:06:47'),(167,'smell',35,'2009-03-17 16:07:14','2009-03-17 16:07:14'),(168,'forgive',36,'2009-03-17 16:07:39','2009-03-17 16:07:39'),(169,'give',37,'2009-03-17 16:08:03','2009-03-17 16:08:03'),(170,'name',4,'2009-03-17 16:08:33','2009-03-17 16:08:33'),(171,'name',1,'2009-03-17 16:08:43','2009-03-17 16:08:43'),(172,'check',7,'2009-03-17 16:09:00','2009-03-17 16:09:00'),(173,'chicken',1,'2009-03-17 16:09:07','2009-03-17 16:09:07'),(174,'teacher',1,'2009-03-17 16:09:16','2009-03-17 16:09:16'),(175,'keep',38,'2009-03-17 16:09:32','2009-03-17 16:09:32'),(176,'kill',7,'2009-03-17 16:09:39','2009-03-17 16:09:39'),(177,'leave',39,'2009-03-17 16:10:41','2009-03-17 16:10:41'),(178,'train',7,'2009-03-17 16:10:57','2009-03-17 16:10:57'),(179,'melt',7,'2009-03-17 16:11:36','2009-03-17 16:11:36'),(180,'memorize',4,'2009-03-17 16:12:43','2009-03-17 16:12:43'),(181,'call',7,'2009-03-17 16:12:50','2009-03-17 16:12:50'),(182,'hole',1,'2009-03-17 16:13:45','2009-03-17 16:13:45'),(183,'box',1,'2009-03-17 16:14:10','2009-03-17 16:14:10'),(184,'elephant',1,'2009-03-17 16:14:32','2009-03-17 16:14:32'),(185,'bird',1,'2009-03-17 16:14:37','2009-03-17 16:14:37'),(186,'risk',1,'2009-03-17 16:15:21','2009-03-17 16:15:21'),(187,'navigator',1,'2009-03-17 16:15:26','2009-03-17 16:15:26'),(188,'select',1,'2009-03-17 16:15:30','2009-03-17 16:15:30'),(189,'option',1,'2009-03-17 16:15:34','2009-03-17 16:15:34'),(190,'risk',7,'2009-03-17 16:15:43','2009-03-17 16:15:43'),(191,'world',1,'2009-03-17 16:15:52','2009-03-17 16:15:52'),(192,'space',1,'2009-03-17 16:15:57','2009-03-17 16:15:57'),(193,'family',6,'2009-03-17 16:16:24','2009-03-17 16:16:24'),(194,'home',1,'2009-03-17 16:16:28','2009-03-17 16:16:28'),(195,'leg',1,'2009-03-17 16:16:38','2009-03-17 16:16:38'),(196,'sound',1,'2009-03-17 16:17:56','2009-03-17 16:17:56'),(197,'bed',1,'2009-03-17 16:18:14','2009-03-17 16:18:14'),(198,'jacket',1,'2009-03-17 16:19:06','2009-03-17 16:19:06'),(199,'hall',1,'2009-03-17 16:19:49','2009-03-17 16:19:49'),(200,'feature',1,'2009-03-17 16:20:09','2009-03-17 16:20:09'),(201,'creature',1,'2009-03-17 16:20:13','2009-03-17 16:20:13'),(202,'sweater',1,'2009-03-17 16:20:19','2009-03-17 16:20:19'),(203,'pepper',1,'2009-03-17 16:21:00','2009-03-17 16:21:00'),(204,'none',1,'2009-03-17 16:21:07','2009-03-17 16:21:07'),(206,'trace',7,'2009-03-17 16:21:57','2009-03-17 16:21:57'),(207,'groom',1,'2009-03-17 16:22:15','2009-03-17 16:22:15'),(208,'blank',7,'2009-03-17 16:22:26','2009-03-17 16:22:26'),(209,'broaner',1,'2009-03-17 16:22:39','2009-03-17 16:22:39'),(210,'grot',1,'2009-03-17 16:22:52','2009-03-17 16:22:52'),(211,'regrigerator',1,'2009-03-17 16:23:12','2009-03-17 16:23:12'),(212,'refrigerate',4,'2009-03-17 16:23:21','2009-03-17 16:23:21'),(213,'rain',7,'2009-03-17 16:23:51','2009-03-17 16:23:51'),(215,'toy',6,'2009-03-17 16:24:22','2009-03-17 16:24:22'),(216,'toy',7,'2009-03-17 16:24:40','2009-03-17 16:24:40'),(217,'baby',6,'2009-03-17 16:24:59','2009-03-17 16:24:59');
/*!40000 ALTER TABLE `words` ENABLE KEYS */;
UNLOCK TABLES;
/*!40103 SET TIME_ZONE=@OLD_TIME_ZONE */;

/*!40101 SET SQL_MODE=@OLD_SQL_MODE */;
/*!40014 SET FOREIGN_KEY_CHECKS=@OLD_FOREIGN_KEY_CHECKS */;
/*!40014 SET UNIQUE_CHECKS=@OLD_UNIQUE_CHECKS */;
/*!40101 SET CHARACTER_SET_CLIENT=@OLD_CHARACTER_SET_CLIENT */;
/*!40101 SET CHARACTER_SET_RESULTS=@OLD_CHARACTER_SET_RESULTS */;
/*!40101 SET COLLATION_CONNECTION=@OLD_COLLATION_CONNECTION */;
/*!40111 SET SQL_NOTES=@OLD_SQL_NOTES */;

-- Dump completed on 2009-03-17 16:31:03
